Card ID,Name,Card Type,Game,Cycle,Card Size,Found In,Tech Type,Tech Sub-Type,Cycle-locked?,Flavor (Project),Requirements,Leads To,Flavor (Tech),Facility Name,Recipes,FAQ,Errata
AA0003,Trireme Armor,Technology,Odyssey,Cycle I,Standard,,Combat,Production Facility,FALSE,,Excursion Propylon,Trireme Ranged Weapons,,Trireme Armorsmith,"GearIcon1=Sail Spolas|GearIcon2=Shipwrecker Shield|ingredients1=3x Armament,5x Raw Ambrosia|ingredients2=2x Armament,3x Raw Ambrosia,1x Muscle Cluster",,
AA0004,Siren Armor,Technology,Odyssey,Cycle I,Standard,,Combat,Production Facility,FALSE,,Trireme Ranged Weapons,"Advanced Trireme Weapons, Forced Kratos Reaction",,Siren Armor Sculptor,"GearIcon1=Siren Shield|GearIcon2=Siren Panoply Armor|GearIcon3=Ancient Siren Panoply Armor|ingredients1=5x Trireme,1x Calcified Knuckle Bone|ingredients2=2x Monument,2x Armament,3x Raw Ambrosia|ingredients3=5x Monument,5x Raw Ambrosia,1x Ancient Shell",,
AA0005,Smelted GearIcon,Technology,Odyssey,Cycle I,Standard,,Combat,Production Facility,FALSE,,Specialized Trireme Weapons and either: Advanced Support Equipment OR Hekaton Autopsy,"Labyrinthauros Live Study, Hekaton Live Study",,Bronze Smelter,"GearIcon1=Smelted Breastplate|GearIcon2=Smelted Aspis|GearIcon3=Smelted Xiphos|ingredients1=9x Monument,12x Armament,5x Muscle Cluster,3x Fleshy Mantle|ingredients2=17x Trireme,19x Raw Ambrosia|ingredients3=4x Trireme,11x Monument,18x Raw Ambrosia",,
AA0006,Basic Support Equipment,Technology,Odyssey,Cycle I,Standard,,Combat,Production Facility,FALSE,,Arrow Barrage,"Pursuer Sighting, Specialized Trireme Weapons, Labyrinthauros Sighting",,Small Artificery,"GearIcon1=Iapetus Lifeguard|GearIcon2=Ares Aulos|GearIcon3=Makesheath|ingredients1=7x Trireme,4x Raw Ambrosia|ingredients2=2x Armament,2x Infused Mechanism|ingredients3=6x Monument,1x Muscle Cluster|GearIcon4=Spring Harness|ingredients4=4x Armament,1x Infused Mechanism",,
AA0007,Advanced Support Equipment,Technology,Odyssey,Cycle I,Standard,,Combat,Production Facility,FALSE,,Labyrinthauros Autopsy,"Labyrinthauros Live Study, Smelted GearIcon",,Large Artificery,"GearIcon1=Morpheus Module|ingredients1=14x Monument,4x Muscle Cluster,7x Infused Mechanism|GearIcon2=Sail Camo|GearIcon3=Tackle Sheath|ingredients2=21x Trireme,27x Raw Ambrosia|ingredients3=19x Trireme,21x Raw Ambrosia",,
AA0008,Trireme Weapons,Technology,Odyssey,Cycle I,Standard,,Combat,Production Facility,FALSE,,Excursion Propylon,Trireme Ranged Weapons,,Trireme Weaponsmith,"GearIcon1=Boatmace|GearIcon2=Kratos Kopis|GearIcon3=Sirenblade|ingredients1=3x Monument,1x Calcified Knuckle Bone|ingredients2=2x Trireme,3x Raw Ambrosia,1x Infused Mechanism|ingredients3=4x Monument,1x Fleshy Mantle|GearIcon4=Sirenteeth|ingredients4=5x Trireme,2x Muscle Cluster",,
AA0009,Advanced Trireme Weapons,Technology,Odyssey,Cycle I,Standard,,Combat,Production Facility,FALSE,,Siren Armor,"Pursuer Sighting, Specialized Trireme Weapons, Hekaton Sighting",,Trireme Bone Carver,"GearIcon1=Teeth Khopesh|ingredients1=2x Monument,2x Muscle Cluster,1x Infused Mechanism|GearIcon3=Whale Knives|GearIcon2=Great Tree Club|ingredients2=3x Trireme,2x Fleshy Mantle|ingredients3=3x Monument,2x Calcified Knuckle Bone",,
AA0010,Specialized Trireme Weapons,Technology,Odyssey,Cycle I,Standard,,Combat,Production Facility,FALSE,,"Basic Support Equipment, Advanced Trireme Weapons and either: Teleresuscitation OR Trireme Reach Weapons","Smelted GearIcon, Hekaton Autopsy",,Trireme Weapon Workshop,"GearIcon1=Naval Ram|GearIcon2=Jawbone Axe|GearIcon3=Heavy Kopis|ingredients1=11x Trireme,5x Infused Mechanism|ingredients2=6x Armament,5x Muscle Cluster|ingredients3=3x Armament,4x Fleshy Mantle",,
AA0011,Trireme Ranged Weapons,Technology,Odyssey,Cycle I,Standard,,Combat,Production Facility,FALSE,,"Trireme Weapons, Trireme Armor","Arrow Barrage, Siren Armor",,Trireme Bowyer,"GearIcon1=Ballista Gun|GearIcon2=Petrified Javelin|ingredients1=5x Trireme,1x Fleshy Mantle|ingredients2=3x Trireme,5x Raw Ambrosia",,
AA0012,Trireme Reach Weapons,Technology,Odyssey,Cycle I,Standard,,Combat,Production Facility,FALSE,,Hekaton Sighting,"Fate Sink, Specialized Trireme Weapons, Labyrinthauros Live Study",,Trireme Spearatorium,"GearIcon1=Longmast Spear|GearIcon2=Whalebone Bident|GearIcon3=Liontail Whip|ingredients1=8x Trireme,10x Raw Ambrosia,1x Calcified Knuckle Bone|ingredients2=12x Trireme,3x Calcified Knuckle Bone|ingredients3=6x Monument,7x Raw Ambrosia|GearIcon4=MWE-4 ""Keelbow""|ingredients4=6x Monument,7x Raw Ambrosia|GearIcon5=MWE-6D ""Sharkscourge""|ingredients5=12x Trireme,3x Calcified Knuckle Bone|GearIcon6=MWE-33B ""Chainblade""|ingredients6=8x Trireme,10x Raw Ambrosia,1x Calcified Knuckle Bone",,
AA0013,Hekaton Sighting,Technology,Odyssey,Cycle I,Standard,,Combat,Production Facility,FALSE,,"Hekaton LVL 2 Battle, Advanced Trireme Weapons, Forved Kratos Reaction",Trireme Reach Weapons,,Hekanasium,"GearIcon1=Impetus Breakers|ingredients1=9x Monument,7x Raw Ambrosia|GearIcon2=Primordial Lure|ingredients2=7x Monument,4x Calcified Knuckle Bone,1x Fear Essence|GearIcon3=Analyticos Module|ingredients3=5x Armament,3x Muscle Cluster|GearIcon4=Safety Rope|ingredients4=10x Trireme,7x Raw Ambrosia",,
AA0014,Hekaton Autopsy,Technology,Odyssey,Cycle I,Standard,,Combat,Production Facility,FALSE,,"Hekaton LVL 3 Battle, Specialized Trireme Weapons, Fate Sink","Smelted GearIcon, Hekaton Live Study",,Hekarmory,"GearIcon1=Earthshaker|ingredients1=1x Dreamwalker Titan,1x Hekaton Core|GearIcon2=Knuckle Shield|ingredients2=8x Trireme,17x Monument,7x Calcified Knuckle Bone|GearIcon3=Hekaton Panoply Armor|ingredients3=7x Armament,9x Muscle Cluster,5x Calcified Knuckle Bone",,
AA0015,Hekaton Live Study,Technology,Odyssey,Cycle I,Standard,,Combat,Production Facility,FALSE,,"Hekaton LVL 4 Battle, Pursuer Protocol, Hekaton Autopsy, Smelted GearIcon",Temenos Sighting,,Centimanes Workshop,"GearIcon1=Pillarmace|GearIcon2=Hekatomb|GearIcon3=Rebound Hammer|ingredients1=11x Monument,24x Raw Ambrosia,11x Muscle Cluster|ingredients2=28x Armament,38x Raw Ambrosia|ingredients3=26x Trireme,28x Monument,12x Calcified Knuckle Bone|GearIcon4=Gigan|ingredients4=10x Monument,29x Raw Ambrosia,33x Muscle Cluster,1x Hekaton Core,1x [[Shieldblade]]",,
AA0016,Labyrinthauros Sighting,Technology,Odyssey,Cycle I,Standard,,Combat,Production Facility,FALSE,,"Labyrinthauros LVL 2 Battle, Crisis Protocol, Basic Support Equipment",Teleresuscitation,,Ropery,"GearIcon1=Grappling Hook|GearIcon2=Aeolipile Engine|GearIcon3=Stabilizers|ingredients1=7x Monument,3x Infused Mechanism|ingredients2=5x Monument,11x Raw Ambrosia|ingredients3=6x Armament,2x Fleshy Mantle|GearIcon4=MWE-109A ""Hermes Winch""|ingredients4=7x Monument,3x Infused Mechanism",,
AA0017,Labyrinthauros Autopsy,Technology,Odyssey,Cycle I,Standard,,Combat,Production Facility,FALSE,,"Labyrinthauros LVL 3 Battle, Pursuer Protocol, Teleresuscitation",Advanced Support Equipment,,Minoforge,"GearIcon1=Mazerunner|GearIcon2=Instinct Linothorax|GearIcon3=Bull Aspis|ingredients1=1x Dreamwalker Titan,1x Labyrinthauros Core|ingredients2=10x Armament,9x Fleshy Mantle|ingredients3=5x Armament,11x Infused Mechanism",,
AA0018,Labyrinthauros Live Study,Technology,Odyssey,Cycle I,Standard,,Combat,Production Facility,FALSE,,"Labyrinthauros LVL 4 Battle, Advanced Support Equipment, Trireme Reach Weapons, Smelted GearIcon",Temenos Sighting,,Mazeworks,"GearIcon1=Maze Rake|GearIcon2=Whaler Javelin|GearIcon3=Hull Bow|ingredients1=20x Monument,12x Armament,30x Raw Ambrosia,1x Fear Essence|ingredients2=15x Trireme,4x Armament,27x Raw Ambrosia,14x Infused Mechanism|ingredients3=38x Trireme,13x Fleshy Mantle|GearIcon4=Ariadne's Hello|ingredients4=19x Trireme,19x Infused Mechanism,1x Labyrinthauros Core,1x Glimmer Shroud",,
AA0019,Temenos Sighting,Technology,Odyssey,Cycle I,Standard,,Combat,Production Facility,FALSE,,Temenos LVL 1 Battle and either: Labyrinthauros Live Study OR Hekaton Live Study,-,,Crooked Pyramid,"GearIcon1=Logicbreaker|GearIcon2=Mazemmer|GearIcon3=Gigas|ingredients1=1x Dreamwalker Titan,6x Maze Fragment|ingredients2=13x Armament,65x Raw Ambrosia,24x Infused Mechanism,2x Labyrinthauros Core,1x [[Mazemace]]|ingredients3=28x Monument,16x Muscle Cluster,25x Calcified Knuckle Bone,1x Hekaton Core,1x [[Gigan]]|GearIcon4=Ariadne's Goodbye|ingredients4=25x Trireme,12x Raw Ambrosia,23x Fleshy Mantle,1x Fear Essence,1x Labyrinthauros Core,1x [[Ariadne's Hello]]",,
AA0020,Pursuer Sighting,Technology,Odyssey,Cycle I,Standard,,Combat,Production Facility,FALSE,,"Pursuer LVL 1 Battle, Basic Support Equipment, Advanced Trireme Weapons","Pursuer Protocol, Bronze Lair",,Bronze Roost,"GearIcon1=Pursuer Imperative|GearIcon2=Mothlame|GearIcon3=Trireme Breastplate|ingredients1=9x Grotesque Beak|ingredients2=2x Grotesque Beak,2x Powdered Matter|ingredients3=6x Grotesque Beak,3x Powdered Matter|GearIcon4=Hermes Tatters|GearIcon5=Ambrosia Trocar|ingredients4=3x Grotesque Beak,8x Powdered Matter|ingredients5=2x Grotesque Beak,1x Powdered Matter",,
BA0984,Temenos Armor,Technology,Odyssey,Cycle II,Standard,,Combat,Production Facility,FALSE,,—,Trireme Ballista Fire,,Temenos Sculptor,"GearIcon1=Labyrinthization|GearIcon2=Labyrinth Armor|GearIcon3=Temenos Scale Shield/Temenos Scale Umbrella|ingredients1=1x Maze Fragment,1x Violent Ambrosia|ingredients2=2x Maze Fragment,5x Violent Ambrosia|ingredients3=3x Fear Essence,5x Violent Ambrosia",,
BA0985,Temenos Weapons,Technology,Odyssey,Cycle II,Standard,,Combat,Production Facility,FALSE,,—,Triskelion Power Boost,,Temenodium,"GearIcon1=Temenos Xiphos|GearIcon2=Puzzle Axe|GearIcon3=Labyrinth Mauler|ingredients1=2x Fear Essence,5x Relief,1x Chimeric Tar|ingredients2=3x War Machine,2x Chimeric Tar|ingredients3=3x Maze Fragment,1x Black Chain",,
BA0986,Lakonian Support Equipment,Technology,Odyssey,Cycle II,Standard,,Combat,Production Facility,FALSE,,—,—,,Survivalist,"GearIcon1=Stepping Stone|GearIcon2=Isokratos Limiter|GearIcon3=Amphoras Belt|ingredients1=3x Relief,1x Supersolid Relief Mass|ingredients2=6x Relief,2x Violent Ambrosia|ingredients3=3x War Machine,1x Cyclopean Metal",,
BA0987,Temenos Advanced GearIcon,Technology,Odyssey,Cycle II,Standard,,Combat,Production Facility,FALSE,,"Triskelion Power Boost, Trireme Ballista Fire","13th Muse Grand Cannon, Temenos Support Equipment",,Deeper Temenodium,"GearIcon1=Mazed Cestus|GearIcon2=Scale Chakram|GearIcon3=Psuedomidion|ingredients1=3x Fear Essence,2x Maze Fragment,1x Cyclopean Metal|ingredients2=5x Relief,1x Supersolid Relief Mass|ingredients3=4x Fear Essence,1x Black Chain",,
BA0988,Temenos Support Equipment,Technology,Odyssey,Cycle II,Standard,,Combat,Production Facility,FALSE,,Temenos Advanced GearIcon,Hyperadrenaline Infusion,,Temenaos,"GearIcon1=Mazechute|GearIcon2=Stonewall|GearIcon3=Mazegma|ingredients1=2x Fear Essence,1x Supersolid Relief Mass|ingredients2=3x Maze Fragment,3x Violent Ambrosia|ingredients3=2x War Machine,2x Violent Ambrosia,1x Chimeric Tar OR 1x Unsolved Engima",,
BA0989,Relief GearIcon,Technology,Odyssey,Cycle II,Standard,,Combat,Production Facility,FALSE,,Ambrosia Containment,"War Support Equipment, Chimera Metastasios Autopsy, Metal Weapons",,Templeyard,"GearIcon1=Relief Cestus|GearIcon2=Stone Relief Armor|GearIcon3=Great Breaker|ingredients1=8x Relief,6x Cyclopean Metal,3x Supersolid Relief Mass|ingredients2=12x Relief,1x Supersolid Relief Mass|ingredients3=7x Relief,13x Violent Ambrosia",,
BA0990,Metal Weapons,Technology,Odyssey,Cycle II,Standard,,Combat,Production Facility,FALSE,,Relief GearIcon,"Cyclonus Autopsy, Chimera Metastasios Live Study",,Metalworks,"GearIcon1=Chain Whip|GearIcon2=Eviscerators|GearIcon3=Fireboat|ingredients1=10x War Machine,4x Black Chain|ingredients2=7x War Machine,3x Black Chain|ingredients3=10x War Machine,10x Violent Ambrosia,4x Chimeric Tar|GearIcon4=Xiphos Knives|ingredients4=7x War Machine,3x Black Chain|GearIcon5=Relief Hammer|ingredients5=10x War Machine,4x Black Chain|GearIcon6=Dory-Like Spear|ingredients6=10x War Machine,10x Violent Ambrosia,4x Chimeric Tar",,
BA0991,Experimental GearIcon,Technology,Odyssey,Cycle II,Standard,,Combat,Production Facility,FALSE,,"Transport Trireme, 13th Muse Grand Cannon",Cyclonus Autopsy,,Experimental Division,"GearIcon1=Metasword|GearIcon2=Vaulting Rope|GearIcon3=Watchtower Pauldron|ingredients1=10x Fear Essence,5x War Machine,3x Chimeric Tar|ingredients2=5x Fear Essence,12x War Trireme|ingredients3=4x Relief,9x Violent Ambrosia,1x Supersolid Relief Mass|GearIcon4=Siegetower Pauldron|ingredients4=4x Relief,8x Violent Ambrosia,2x Supersolid Relief Mass",,
BA0992,Spartan Weapons,Technology,Odyssey,Cycle II,Standard,,Combat,Production Facility,FALSE,,Helot Alliance,Spartan Advanced Weapons,,Spartan Workshop,"GearIcon1=Spartan Kopis|GearIcon2=Heavy Spear|ingredients1=7x War Machine,13x Violent Ambrosia,7x Supersolid Relief Mass|ingredients2=7x War Machine,40x Violent Ambrosia",,
BA0993,Spartan Advanced Weapons,Technology,Odyssey,Cycle II,Standard,,Combat,Production Facility,FALSE,,Spartan Weapons,—,,Spartan Armory,"GearIcon1=Spartan War Axe|GearIcon2=Gastraphetes|ingredients1=10x War Machine,17x Violent Ambrosia,8x Cyclopean Metal|ingredients2=11x War Trireme,30x Violent Ambrosia",,
BA0994,War Support Equipment,Technology,Odyssey,Cycle II,Standard,,Combat,Production Facility,FALSE,,"Hyperadrenaline Infusion, Relief GearIcon",Chimera Metastasios Autopsy,,War Artificery,"GearIcon1=Iapetus Lifesaver|GearIcon2=Control Module|GearIcon3=Boost Kothornos|ingredients1=6x Relief,10x Violent Ambrosia|ingredients2=5x Relief,10x Violent Ambrosia,1x Supersolid Relief Mass|ingredients3=5x War Machine,4x Cyclopean Metal|GearIcon4=Achillean Hectors|ingredients4=6x War Machine,2x Black Chain",,
BA0995,Cyclopean GearIcon,Technology,Odyssey,Cycle II,Standard,,Combat,Production Facility,FALSE,,Cyclops Alliance,Cyclopean Advanced GearIcon,,Cyclopean Sculptor,"GearIcon1=Carver Kopis|GearIcon2=Cyclopean Totem|GearIcon3=Cyclopean Knives|ingredients1=9x Relief,12x Violent Ambrosia,10x Black Chain,1x Cyclopean Tooth|ingredients2=5x Relief,5x Cyclopean Metal,8x Supersolid Relief Mass|ingredients3=11x Relief,30x Violent Ambrosia|GearIcon4=Cyclopean Linothorax|ingredients4=9x War Machine,30x Violent Ambrosia,6x Chimeric Tar",,
BA0996,Cyclopean Advanced GearIcon,Technology,Odyssey,Cycle II,Standard,,Combat,Production Facility,FALSE,,Cyclopean GearIcon,—,,Cyclopean Forge,"GearIcon1=Cyclopean Visor|GearIcon2=Cyclopean Khopesh|GearIcon3=Cyclopean Forge Hammer|ingredients1=20x Relief,6x Black Chain|ingredients2=14x Relief,10x Violent Ambrosia,10x Cyclopean Metal,1x Cyclopean Tooth|ingredients3=20x War Trireme,106x Violent Ambrosia,11x Cyclopean Metal",,
BA0997,Cyclonus Sighting,Technology,Odyssey,Cycle II,Standard,,Combat,Production Facility,FALSE,,"Cyclonus LVL 2 Battle, Forced Kratos Cooldown, Trireme Ballista Fire",Transport Trireme,,Cyclotinker,"GearIcon1=Lethe Guard|GearIcon2=Asklepios Node|GearIcon3=Covenant|ingredients1=12x War Trireme,5x Cyclopean Metal|ingredients2=4x War Machine,3x Black Chain|ingredients3=6x War Machine,1x Cyclopean Metal,2x Black Chain",,
BA0998,Cyclonus Autopsy,Technology,Odyssey,Cycle II,Standard,,Combat,Production Facility,FALSE,,"Cyclonus LVL 3 Battle, Experimental GearIcon, Metal Weapons",Cyclonus Live Study,,Armor Crafter,"GearIcon1=Warkeeper|ingredients1=1x Dreamwalker Titan,1x Cyclonus Core|GearIcon2=Impact Armor|GearIcon3=Collision Shield|ingredients2=7x War Trireme,4x War Machine,13x Violent Ambrosia,1x Black Chain|ingredients3=3x War Machine,6x Violent Ambrosia,7x Cyclopean Metal",,
BA0999,Cyclonus Live Study,Technology,Odyssey,Cycle II,Standard,,Combat,Production Facility,FALSE,,"Cyclonus LVL 4 Battle, Cyclonus Autopsy",Nietzschean Meeting Study,,Cyclowright,"GearIcon1=Needle Sword|GearIcon2=Katarus|GearIcon3=Vaulting Spear|ingredients1=16x Relief,32x Violent Ambrosia,2x Supersolid Relief Mass|ingredients2=10x War Machine,17x Violent Ambrosia,6x Cyclopean Metal|ingredients3=10x War Machine,14x Violent Ambrosia,8x Cyclopean Metal|GearIcon4=Maulmace|ingredients4=15x War Trireme,7x Black Chain,1x Cyclonus Core,1x Maulfist ([[Left Maulfist|Left]] or [[Right Maulfist|Right]])",,
BA1000,Chimera Metastasios Sighting,Technology,Odyssey,Cycle II,Standard,,Combat,Production Facility,FALSE,,"Chimera LVL 2 Battle, Reflex Priming, Triskelion Power Boost",Ambrosia Containment,,Small Ambrosia Lab,"GearIcon1=Medusa Extract|GearIcon2=Temple Camo|GearIcon3=Ambrostilts|ingredients1=5x Relief,5x Violent Ambrosia,3x Chimeric Tar|ingredients2=7x Relief,2x Supersolid Relief Mass|ingredients3=7x War Trireme,4x Chimeric Tar",,
BA1001,Chimera Metastasios Autopsy,Technology,Odyssey,Cycle II,Standard,,Combat,Production Facility,FALSE,,"Chimera LVL 3 Battle, War Support Equipment, Relief GearIcon",Chimera Metastasios Live Study,,Chimeric Armorsmith,"GearIcon1=Firestarter|GearIcon2=Ambramat Armor|GearIcon3=Ladder Buckler|ingredients1=1x Dreamwalker Titan,1x Chimera Metastasios Core|ingredients2=12x War Trireme,9x Relief,2x Chimeric Tar|ingredients3=9x War Trireme,13x Violent Ambrosia,2x Supersolid Relief Mass|GearIcon4=Muck Armor|ingredients4=10x War Trireme,5x Violent Ambrosia,7x Chimeric Tar|GearIcon5=Hoplite Aspis|ingredients5=9x War Trireme,13x Violent Ambrosia,2x Supersolid Relief Mass",,
BA1002,Chimera Metastasios Live Study,Technology,Odyssey,Cycle II,Standard,,Combat,Production Facility,FALSE,,"Chimera LVL 4 Battle, Chimera Metastasios Autopsy, Metal Weapons",Nietzschean Meeting Study,,Chimeric Solutions,"GearIcon1=Chimeric Xiphos|GearIcon2=Boom Spear|GearIcon3=Grand Ramaxe|ingredients1=17x Relief,6x Supersolid Relief Mass|ingredients2=14x War Machine,10x Chimeric Tar|ingredients3=7x War Trireme,10x Black Chain,5x Supersolid Relief Mass|GearIcon4=Muck Bludgeon|GearIcon5=Dragon Bellow|ingredients4=10x War Trireme,16x Violent Ambrosia,10x Chimeric Tar,1x Chimera Metastasios Core,1x Muck Virus|ingredients5=43x War Trireme,6x Chimeric Tar",,
BA1004,Nietzschean Meeting Study,Technology,Odyssey,Cycle II,Standard,,Combat,Production Facility,FALSE,,"Nietzschean Sighting, Cyclonus Live Study OR Chimera Metastasios Live Study",—,,Abyss Gate,"GearIcon1=Abysswatcher|ingredients1=1x Dreamwalker Titan,6x Living Abyss|GearIcon1=Abysswatcher|ingredients1=1x Dreamwalker Titan,6x Living Abyss|",,
BA1005,Bronze Lair,Technology,Odyssey,Cycle II,Standard,,Combat,Production Facility,FALSE,,"Pursuer Sighting, Pursuit's End Battle Victory",Pursuer Order,,Sarcophagus,"GearIcon1=Pursuer Ultimatum|ingredients1=5x Grotesque Beak,2x Powdered Matter,1x Pursuer Imperative|GearIcon2=Hermes Cape|GearIcon3=Conqueror Nail|GearIcon4=Repurposed Cryptex|GearIcon5=Gamechanger|ingredients2=7x Grotesque Beak,9x Powdered Matter,1x Hermes Tatters|ingredients3=9x Grotesque Beak,9x Powdered Matter,1x Nail Spear|ingredients4=2x War Machine,1x Damage Cryptex|ingredients5=1x Dreamwalker Titan,1x Pursuer Core",,
BA1006,Burden Sighting,Technology,Odyssey,Cycle II,Standard,,Combat,Production Facility,FALSE,,Burden LVL 1 Battle,Burden Autopsy,,Spherical Quarry,"GearIcon1=Roll Breakers|GearIcon2=Squat Armor|GearIcon3=Pithos Armor|ingredients1=5x Retractible Mechanism,2x Reliefshell Fragment|ingredients2=7x Retractible Mechanism,4x Reliefshell Fragment|ingredients3=9x Retractible Mechanism,3x Reliefshell Fragment|GearIcon4=Faceshield|ingredients4=5x Retractible Mechanism,10x Reliefshell Fragment",,
CA1570,Nietzschean Weapons,Technology,Odyssey,Cycle III,Standard,,Combat,Production Facility,FALSE,,—,"Telehealing, Possibility Matrix",,Blackforge,"GearIcon1=Hardened Cestus|GearIcon2=Black Xiphos|GearIcon3=Smoldering Mace|ingredients1=2x Skin of Malice,1x Eye Cluster|ingredients2=6x Living Abyss,2x Frozen Ambrosia|ingredients3=3x Lviing Abyss,3x Frozen Ambrosia|GearIcon4=Abyssal Watchers|ingredients4=2x Skin of Malice,1x Razorclaw",,
CA1571,Nietzschean Reach Weapons,Technology,Odyssey,Cycle III,Standard,,Combat,Production Facility,FALSE,,—,"Reverse Timeflow, Fate Converter",,Abyss Circle,"GearIcon1=Excavated|ingredients1=1x Sirenshell,1x Frozen Ambrosia|GearIcon2=Abyssal Spear|GearIcon3=Black Javelin|ingredients2=2x Living Abyss,2x Icarian Feather|ingredients3=3x Skin of Malice,3x Frozen Ambrosia",,
CA1572,Nietzschean Armor,Technology,Odyssey,Cycle III,Standard,,Combat,Production Facility,FALSE,,—,"Reverse Timeflow, Fate Converter",,Skinsculptor,"GearIcon1=Abyss Mirror|GearIcon2=Abyss Linothorax|GearIcon3=Abyss Thorax|ingredients1=6x Sirenshell,1x Clothflesh|ingredients2=2x Skin of Malice,4x Frozen Ambrosia|ingredients3=4x Skin of Malic,1x Clothflesh",,
CA1573,Temporal Support Equipment,Technology,Odyssey,Cycle III,Standard,,Combat,Production Facility,FALSE,,—,"Telehealing, Possibility Matrix",,Temporal Study,"GearIcon1=Fatesafe|GearIcon2=Hourglass Necklace|GearIcon3=Paradox Guard|ingredients1=2x Daedalus Machina,3x Frozen Ambrosia|ingredients2=4x Sirenshell,1x Razorclaw|ingredients3=3x Skin of Malice,1x Clothflesh|GearIcon4=Paradox Scanner|ingredients4=3x Living Abyss,1x Eyes Cluster",,
CA1574,Delphian Siren Armor,Technology,Odyssey,Cycle III,Standard,,Combat,Production Facility,FALSE,,"Possibility Matrix, Reverse Timeflow",Chronosphere Warning System,,Siren Porta,"GearIcon1=Siren Mask|GearIcon2=Siren Coral Panoply|GearIcon3=Siren Cataphract|ingredients1=1x Skin of Malice,3x Sirenshell,5x Frozen Ambrosia|ingredients2=4x Living Abyss,1x Clothflesh|ingredients3=4x Sirenshell,1x Icarian Feather|GearIcon5=Recall Shell|GearIcon4=Spiral Shield|ingredients4=3x Sirenshell,5x Frozen Ambrosia|ingredients5=2x Daedalus Machina,1x Clothflesh",,
CA1575,Delphian Siren Weapons,Technology,Odyssey,Cycle III,Standard,,Combat,Production Facility,FALSE,,"Possibility Matrix, Reverse Timeflow","Chronosphere Warning System, Advanced Transforming Weapons",,Siren Agora,"GearIcon1=True Sirenblade|GearIcon2=Spiral Spada|GearIcon3=Sirentusks|ingredients1=3x Living Abyss,2x Sirenshell,2x Frozen Ambrosia,1x Razorclaw|ingredients2=3x Sirenshell,3x Frozen Ambrosia,1x Icarian Feather,1x Antideluvian Sirenshell|ingredients3=5x Sirenshell,1x Razorclaw|GearIcon4=Spiradiscus|ingredients4=4x Daedalus Machina,1x Frozen Ambrosia",,
CA1576,Advanced Transforming Weapons,Technology,Odyssey,Cycle III,Standard,,Combat,Production Facility,FALSE,,"Delphian Siren Weapons, and either: Icarian Harpy Sighting OR Hypertime Oracle Sighting",Argoline Transforming Weapons,,Advanced Projects Division,"GearIcon1=Returner|ingredients1=1x Dreamwalker Titan,1x Hypertime Oracle Core|GearIcon2=Exoaegis|GearIcon3=Sun Spear|GearIcon4=Sun Disc|ingredients2=11x Hyperborean Alloy,2x Frozen Ambrosia,2x Icarian Feather|ingredients3=6x Sirenshell,4x Razorclaw|ingredients4=3x Daedalus Machina,2x Frozen Ambrosia,3x Razorclaw,1x Icarian Feather",,
CA1577,Atemporal Support Equipment,Technology,Odyssey,Cycle III,Standard,,Combat,Production Facility,FALSE,,Chronosphere Warning System,Argoline Transforming Weapons,,Atemporal Study,"GearIcon1=Ontological Module|ingredients1=5x Hyperborean Alloy,2x Eyes Cluster|GearIcon2=Fatesafer|GearIcon3=Looper Guard|ingredients2=5x Daedalus Makina,5x Frozen Ambrosia|ingredients3=4x Daedalus Makina,2x Clothflesh",,
CA1578,Black Ice Armor,Technology,Odyssey,Cycle III,Standard,,Combat,Production Facility,FALSE,,Chronosphere Warning System,—,,Black Ice Excavators,"GearIcon1=Polished Ice Shield|GearIcon2=Black Ice Kothornos|GearIcon3=Iceblock Armor|ingredients1=3x Living Abyss,2x Daedalus Makina,9x Frozen Ambrosia|ingredients2=5x Living Abyss,3x Hyperborean Alloy,2x Clothflesh|ingredients3=6x Sirenshell,8x Frozen Ambrosia",,
CA1579,Argoline Transforming Weapons,Technology,Odyssey,Cycle III,Standard,,Combat,Production Facility,FALSE,,"Advanced Transforming Weapons, Atemporal Support Equipment","Icarian Harpy Autopsy, Hypertime Oracle Autopsy, Monomythological Support, Cryptex Technology, Transient Death",,Argofoundry,"GearIcon1=Scaling GearIcon Prototype|ingredients1=4x Living Abyss,2x Daedalus Makina,4x Frozen Ambrosia,1x Eyes Cluster|GearIcon2=Ignition Spear|GearIcon3=Hammersword|GearIcon4=Barbed Saw|ingredients2=4x Living Abyss,6x Sirenshell,3x Clothflesh|ingredients3=6x Sirenshell,2x Clothflesh,2x Eyes Cluster|ingredients4=7x Sirenshell,2x Razorclaw,2x Icarian Feather",,
CA1580,Cryptex Technology,Technology,Odyssey,Cycle III,Standard,,Combat,Production Facility,FALSE,,"Argoline Transforming Weapons, Pursuit's End Battle Victory, ArgoKnowledgeIcon 51+",—,,Cryptexarium,"GearIcon1=Argocryptex Alpha|GearIcon2=Argocryptex Beta|GearIcon3=Argocryptex Gamma|ingredients1=7x Daedalus Makina,18x Frozen Ambrosia|ingredients2=11x Sirenshell,8x Frozen Ambrosia,4x Clothflesh|ingredients3=11x Sirenshell,16x Frozen Ambrosia",,
CA1581,Helios Fanatics Equipment,Technology,Odyssey,Cycle III,Standard,,Combat,Production Facility,FALSE,,Sunheirs Alliance,Helios Fanatics Light Weapons,,Helios Halo,"GearIcon1=Believer Vestment|GearIcon2=Erratic Insignitor|ingredients1=18x Hyperboread Alloy,6x Clothflesh|ingredients2=16x Hyperboread Alloy,20x Frozen Ambrosia",,
CA1582,Helios Fanatics Light Weapons,Technology,Odyssey,Cycle III,Standard,,Combat,Production Facility,FALSE,,Helios Fanatics Equipment,—,,Helios Protratorios,"GearIcon1=Sunlight Gun|GearIcon2=Lightsword|GearIcon3=Arc Light Thrower|ingredients1=25x Hyperborean Alloy,25x Frozen Ambrosia,15x Razorclaw|ingredients2=23x Hyperborean Alloy,20x Frozen Ambrosia,2x Eyes Cluster,9x Icarian Feather|ingredients3=8x Daedalus Makina,17x Hyperborean Alloy,10x Frozen Ambrosia,11x Razorclaw",,
CA1583,Apostate Armor,Technology,Odyssey,Cycle III,Standard,,Combat,Production Facility,FALSE,,Twilight Watch Alliance,Apostate Weapons,,Exiles Redoubt,"GearIcon1=Shade Shield|ingredients1=12x Sirenshell,4x Clothflesh,4x Icarian Feather,1x Antideluvian Sireshell|GearIcon2=Shade Armor|GearIcon3=Exiles Garb|ingredients2=8x Sirenshell,12x Frozen Ambrosia,3x Razorclaw|ingredients3=15x Hyperborean Alloy,10x Frozen Ambrosia,3x Icarian Feather",,
CA1584,Apostate Weapons,Technology,Odyssey,Cycle III,Standard,,Combat,Production Facility,FALSE,,Apostate Armor,—,,Exiles Elpisos,"GearIcon1=Shade Mace|ingredients1=22x Hyperborean Alloy,22x Frozen Ambrosia,10x Razorclaw|GearIcon2=Probability Blade|ingredients2=25x Hyperborean Alloy,37x Frozen Ambrosia,18x Clothflesh",,
CA1585,Hypertime Oracle Sighting,Technology,Odyssey,Cycle III,Standard,,Combat,Production Facility,FALSE,,"Telehealing, Fate Converter, Reverse Timeflow, and either: Hypertime Oracle LVL 2 Battle OR gain +1 Paradox","Opportunity Freeze, Advanced Transforming Weapons, Sun Descendant Sighting",,Paracausal Loom,"GearIcon1=Parallel Anchor|GearIcon2=Glacial Fabric|GearIcon3=Timeline Synchronizer|ingredients1=1x Daedalus Makina,1x Eyes Cluster|ingredients2=2x Skin of Malice,2x Clothflesh|ingredients3=2x Daedalus Makina,1x Eyes Cluster",,
CA1586,Hypertime Oracle Autopsy,Technology,Odyssey,Cycle III,Standard,,Combat,Production Facility,FALSE,,"Hypertime Oracle LVL 3 Battle, Opportunity Freeze, Argoline Transforming Weapons","Time Dilation, Sun Descendant Partial Autopsy",,Feathermill,"GearIcon1=Oracowl|GearIcon2=Feather Shield|ingredients1=14x Hyperborean Alloy,7x Clothflesh|ingredients2=8x Sirenshell,6x Hyperborean Alloy,6x Eyes Cluster",,
CA1587,Hypertime Oracle Live Study,Technology,Odyssey,Cycle III,Standard,,Combat,Production Facility,FALSE,,"Hypertime Oracle LVL 4 Battle, Time Dilation",Sun Descendant Live Study,,Prophecy Manufactory,"GearIcon1=Echo Eaters|GearIcon2=Beholder Fists|GearIcon3=Time's Arrow|ingredients1=21x Sirenshell,25x Frozen Ambrosia,16x Clothflesh|ingredients2=26x Frozen Ambrosia,11x Eyes Cluster|ingredients3=18x Sirenshell,14x Hyperborean Alloy,7x Frozen Ambrosia,9x Clothflesh|ingredients4=10x Daedalus Makina,9x Eyes Cluster,9x Razorclaw,1x Hypertime Oracle Core,1x [[Paradox (GearIcon)|Paradox]]|GearIcon4=Paradont",,
CA1588,Icarian Harpy Sighting,Technology,Odyssey,Cycle III,Standard,,Combat,Production Facility,FALSE,,"Possibility Matrix, Telehealing, Fate Converter and either: Icarian Harpy LVL 2 Battle OR gain +1 Paradox","Quantum Armory, Sun Descendant Sighting, Advanced Transforming Weapons",,Glacial Evolutions,"GearIcon1=Regression Agent|GearIcon2=Icelixir|GearIcon3=Spike Breakers|ingredients1=2x Daedalus Makina,1x Razorclaw|ingredients2=5x Living Abyss,2x Frozen Ambrosia|ingredients3=3x Daedalus Makina,1x Razorclaw",,
CA1589,Icarian Harpy Autopsy,Technology,Odyssey,Cycle III,Standard,,Combat,Production Facility,FALSE,,"Icarian Harpy LVL 3 Battle, Sun Descendant Sighting, Argoline Transforming Weapons, Quantum Armory","Time Skip, Sun Descendant Partial Autopsy",,Darwinian Armory,"GearIcon1=Ascender|GearIcon2=Exobone Armor|GearIcon3=Feather Linothorax|ingredients1=1x Dreamwalker Titan,1x Icarian Harpy Core|ingredients2=7x Daedalus Makina,7x Razorclaw|ingredients3=7x Daedalus Makina,5x Icarian Feather",,
CA1590,Icarian Harpy Live Study,Technology,Odyssey,Cycle III,Standard,,Combat,Production Facility,FALSE,,"Icarian Harpy LVL 4 Battle, Time Skip",Sun Descendant Live Study,,Lamarkian Forge,"GearIcon1=Devolver/Descender|GearIcon2=Spiral Whip/Spiral Buckler|GearIcon3=Spiral Mace/Spiral Spear|ingredients1=16x Daedalus Makina,14x Hyperborean Alloy,27x Frozen Ambrosia,9x Razorclaw,1x Antedeluvian Sirenshell|ingredients2=19x Sirenshell,11x Frozen Ambrosia,9x Icarian Feather|ingredients3=27x Sirenshell,31x Hyperborean Alloy,14x Razorclaw",,
CA1591,Sun Descendant Sighting,Technology,Odyssey,Cycle III,Standard,,Combat,Production Facility,FALSE,,"Sun Descendant LVL 1 Battle, Icarian Harpy Sighting, Hypertime Oracle Sighting","Sun Descendant Partial Autopsy, Icarian Harpy Autopsy",,Chronodiving Chamber,"GearIcon1=Sun Guard|GearIcon2=Prototype Trespass Device|GearIcon3=Time Booster|ingredients1=7x Hyperborean Alloy,8x Frozen Ambrosia,1x Writhing Tentacle|ingredients2=3x Daedalus Makina,2x Eyes Cluster,3x Sunburned Skull|ingredients3=4x Daedalus Makina,7x Frozen Ambrosia,2x Writhing Tentacle",,
CA1592,Sun Descendant Partial Autopsy,Technology,Odyssey,Cycle III,Standard,,Combat,Production Facility,FALSE,,"Sun Descendant Sighting, Icarian Harpy Autopsy, Hypertime Oracle Autopsy",Sun Descendant Live Study,,Extinction Event Armory,"GearIcon1=Horseskull Pauldron|GearIcon2=Enigma of Transformation|ingredients1=22x Sirenshell,15x Hyperborean Alloy,37x Frozen Ambrosia,2x Sunburned Skull|ingredients2=16x Daedalus Makina,34x Frozen Ambrosia,2x Writhing Tentacle",,
CA1593,Sun Descendant Live Study,Technology,Odyssey,Cycle III,Standard,,Combat,Production Facility,FALSE,,"Sun Descendant Partial Autopsy, Icarian Harpy Live Study, Hypertime Oracle Live Study",—,,Extinction Event Arsenal,"GearIcon1=Dawnburner{{!}}Prototype Dawnburner|ingredients1=1x Dreamwalker Titan,6x Sunburned Skull -OR- 1x Sun Descendant Core|GearIcon2=Skyfall|ingredients2=9x Daedalus Makina,22x Clothflesh,8x Icarian Feather,1x Hypertime Oracle Core,1x [[Paradont]]|GearIcon3=Sunreach|ingredients3=12x Daedalus Makina,14x Eyes Cluster,13x Razorclaw,2x Icarian Harpy Core,1x [[Right Talon of Doom/Icarian Katar]],1x [[Spherecast/Searing Pillar]]|GearIcon4=Extinction Cestus|ingredients4=11x Daedalus Makina,8x Eyes Cluster,10x Icarian Feather,2x Sunburned Skull|GearIcon5=Black Ice Sword|ingredients5=12x Daedalus Makina,20x Hyperborean Alloy,32x Frozen Ambrosia,4x Writhing Tentacle,1x [[Frozen Time]]|GearIcon6=Daedalus Flight|ingredients6=17x Sirenshell,13x Clothflesh,8x Icarian Feather,6x Writhing Tentacle,1x Sun Descendant Core,1x [[Icarus's Fall]]",,
CA1594,Monomythological Support,Technology,Odyssey,Cycle III,Standard,,Combat,Production Facility,FALSE,,"Argoline Transforming Weapons, ArgoKnowledgeIcon 48+",—,,Monomythological Workshop,"GearIcon1=Aristeia Inducer|GearIcon2=Homeric Engine|GearIcon3=Agathos Agitator|ingredients1=12x Hyperborean Alloy,15x Frozen Ambrosia|ingredients2=9x Sirenshell,7x Razorclaw|ingredients3=9x Sirenshell,15x Frozen Ambrosia|GearIcon4=Kakos Implant|ingredients4=7x Sirenshell,4x Eyes Cluster",,
CA1595,Burden Autopsy,Technology,Odyssey,Cycle III,Standard,,Combat,Production Facility,FALSE,,"Burden Sighting, Burden Hardest to Bear Battle Victory",—,,Spherical Strip Mine,"GearIcon1=Visage|GearIcon2=Icebreakers|GearIcon3=Pithos Linothorax|ingredients1=5x Retractible Mechanism,4x Reliefshell Fragment,1x [[Faceshield]],1x The Burden Core|ingredients2=3x Retractible Mechanism,4x Reliefshell Fragment,1x [[Roll Breakers]]|ingredients3=4x Retractible Mechanism,4x Reliefshell Fragment,1x [[Pithos Armor]]|GearIcon4=Spherical Armor|GearIcon5=Truthbearer|ingredients4=2x Retractible Mechanism,6x Reliefshell Fragment,1x [[Squat Armor]]|ingredients5=1x Dreamwalker Titan,1x The Burden Core",,
DA2162,Cinder Weapons,Technology,Odyssey,Cycle IV,Standard,,Combat,Production Facility,FALSE,,,,,Sundown Crucible,"GearIcon1=Eclipse Sword|GearIcon2=Feathermace|GearIcon3=Burnout Whip|ingredients1=5x Blackened Halo,1x Mutable Ambrosia,1x Living Gold|ingredients2=4x Burned-out Grace,1x Old Irem Fragment|ingredients3=5x Blackened Halo,6x Mutable Ambrosia|GearIcon4=Descentaxe|ingredients4=3x Babylonian Contraption,5x Mutable Ambrosia",,
DA2163,Cinder Ranged Weapons,Technology,Odyssey,Cycle IV,Standard,,Combat,Production Facility,FALSE,,,,,Seerbreakers,"GearIcon1=Duskedges|GearIcon2=Ember Spear|GearIcon3=Withered Javelin|ingredients1=7x Imperial Scroll,5x Mutable Ambrosia|ingredients2=3x Blackened Halo,2x Old Irem Fragment|ingredients3=6x Blackened Halo,4x Mutable Ambrosia|GearIcon4=Corona Discus|ingredients4=5x Imperial Scroll,2x Cursed Bloatsack",,
DA2164,Cinder Armor,Technology,Odyssey,Cycle IV,Standard,,Combat,Production Facility,FALSE,,,,,Eclipse Screen,"GearIcon1=Sunkissed Kalasiris|GearIcon2=Feather Cataphract|GearIcon3=Eclipse Shield|ingredients1=6x Imperial Scroll,5x Mutable Ambrosia|ingredients2=3x Burned-out Grace,5x Mutable Ambrosia|ingredients3=4x Burned-out Grace,1x Old Irem Fragment|GearIcon4=Accursed|ingredients4=1x Blackened Halo,1x Burned-out Grace,1x Mutable Ambrosia",,
DA2165,Cinder Support,Technology,Odyssey,Cycle IV,Standard,,Combat,Production Facility,FALSE,,,,,Practical Observatory,"GearIcon1=Refracted Light Elixir|GearIcon2=Hermes Guard|GearIcon3=Kaleidoscope Module|ingredients1=5x Blackened Halo,4x Mutable Ambrosia|ingredients2=3x Blackened Halo,2x Cursed Bloatsack|ingredients3=3x Burned-out Grace,2x Wish Embryo|GearIcon4=Hermes Grappling Hook|ingredients4=1x Babylonian Contraption",,
DA2166,Imperial Deprived Armorer,Technology,Odyssey,Cycle IV,Standard,,Combat,Production Facility,FALSE,,,,,Empire Armor,"GearIcon1=Lamellar Preemptive Armor|GearIcon2=Strikeback Dagger|ingredients1=3x Babylonian Contraption,1x Cursed Bloatsack,1x Living Gold|ingredients2=3x Babylonian Contraption,2x Living Gold",,
DA2167,Imperial Deprived Outfitter,Technology,Odyssey,Cycle IV,Standard,,Combat,Production Facility,FALSE,,,,,Empire Weapons,"GearIcon1=Persian Pillarmace|GearIcon2=Hunger Longknives|GearIcon3=Imperial Bow|ingredients1=8x Imperial Scroll,1x Wish Embryo|ingredients2=5x Burned-out Grace,2x Living Gold,1x Golden Bough|ingredients3=4x Babylonian Contraption,1x Old Irem Fragment",,
DA2168,Imperial Deprived Stockpile,Technology,Odyssey,Cycle IV,Standard,,Combat,Production Facility,FALSE,,,,,Empire Support,"GearIcon1=Paraguard|GearIcon2=Alchemic Catalyst|GearIcon3=Greed Limiter|ingredients1=6x Imperial Scroll,2x Cursed Bloatsack|ingredients2=5x Burned-out Grace,6x Mutable Ambrosia|ingredients3=3x Babylonian Contraption,2x Wish Embryo",,
DA2169,Old Irem Dig,Technology,Odyssey,Cycle IV,Standard,,Combat,Production Facility,FALSE,,,,,Old Irem Armor,"GearIcon1=Glass Armor|GearIcon2=Golden Armor|GearIcon3=Golden Discus Buckler|ingredients1=5x Imperial Scroll,9x Mutable Ambrosia|ingredients2=8x Burned-out Grace,3x Living Gold|ingredients3=6x Babylonian Contraption,3x Old Irem Fragment",,
DA2170,Old Irem Excavation,Technology,Odyssey,Cycle IV,Standard,,Combat,Production Facility,FALSE,,,,,Old Irem Weapons,"GearIcon1=Glassword|GearIcon2=Golden Sword|GearIcon3=Gilded Axe|ingredients1=11x Cursed Derelict,13x Mutable Ambrosia|ingredients2=8x Imperial Scroll,2x Living Gold|ingredients3=8x Imperial Scroll,8x Mutable Ambrosia,2x Cursed Bloatsack|GearIcon4=Hermes Ballista Gun|ingredients4=4x Babylonian Contraption,14x Mutable Ambrosia",,
DA2171,Old Irem Composite Shop,Technology,Odyssey,Cycle IV,Standard,,Combat,Production Facility,FALSE,,,,,Old Irem Support,"GearIcon1=Curse Translation Module|GearIcon2=Bloatpack|GearIcon3=Hermes GearIcon Mk. I|ingredients1=1x Cursed Derelict,5x Wish Embryo|ingredients2=7x Babylonian Contraption,6x Cursed Bloatsack|ingredients3=6x Babylonian Contraption,5x Mutable Ambrosia,3x Living Gold|ingredients4=15x Cursed Derelict,2x Wish Embryo,4x Old Irem Fragment|GearIcon4=Djinn Cryptex",,
DA2172,Djinn Fundhoard,Technology,Odyssey,Cycle IV,Standard,,Combat,Production Facility,FALSE,,,,,Deprived Legacy,"GearIcon1=Liability Flail|GearIcon2=Debtguard|GearIcon3=Walking Tools|ingredients1=8x Babylonian Contraption,4x Living Gold,3x Old Irem Fragment,3x Black-tainted Stepfinger,2x Promised Future's Carcass|ingredients2=10x Imperial Scroll,19x Mutable Ambrosia|ingredients3=10x Imperial Scroll,13x Mutable Ambrosia,3x Wish Embryo",,
DA2173,Curse Shapers,Technology,Odyssey,Cycle IV,Standard,,Combat,Production Facility,FALSE,,,,,Eternal Empire Spoils,"GearIcon1=Nabuchobuldozer|GearIcon2=Sword of Molten Wealth|GearIcon3=Scales Great Bow|ingredients1=12x Imperial Scroll,9x Mutable Ambrosia,4x Old Irem Fragment|ingredients2=15x Cursed Derelict,6x Living Gold,1x Golden Bough|ingredients3=3x Cursed Derelict,10x Imperial Scroll,15x Mutable Ambrosia,2x Wish Embryo",,
DA2174,Tekne Restorers,Technology,Odyssey,Cycle IV,Standard,,Combat,Production Facility,FALSE,,,,,Babylonian Contraband,"GearIcon1=Golden Dawn|GearIcon2=Gnostic Pneumas|GearIcon3=Anemoi Bladeshield|ingredients1=11x Cursed Derelict,7x Cursed Bloatsack|ingredients2=6x Cursed Derelict,4x Imperial Scroll,14x Mutable Ambrosia|ingredients3=6x Imperial Scroll,4x Babylonian Contraption,10x Mutable Ambrosia,4x Cursed Bloatsack",,
DA2175,Midascore Sighting,Technology,Odyssey,Cycle IV,Standard,,Combat,Production Facility,FALSE,,,,,Midan Bank,"GearIcon1=Statue Anchor|GearIcon2=Hermes GearIcon Prototype|GearIcon3=Auric Bank|ingredients1=6x Burned-out Grace,5x Cursed Derelict,3x Cursed Bloatsack|ingredients2=4x Babylonian Contraption,4x Cursed Bloatsack|ingredients3=11x Cursed Derelict,9x Mutable Ambrosia,1x Living Gold",,
DA2176,Midascore Autopsy,Technology,Odyssey,Cycle IV,Standard,,Combat,Production Facility,FALSE,,,,,Waiversmith,"GearIcon1=Cloadsoarer|GearIcon2=Silk Armor|GearIcon3=Alchemist Armor|ingredients1=1x Dreamwalker Titan,1x Midascore Core|ingredients2=5x Imperial Scroll,4x Babylonian Contraption,6x Cursed Bloatsack|ingredients3=8x Babylonian Contraption,6x Mutable Ambrosia,4x Living Gold|GearIcon4=Auric Kalaharis|ingredients4=17x Cursed Derelict,2x Cursed Bloatsack,5x Living Gold,1x Midascore Core,1x [[Auric Cloak]]",,
DA2177,Midascore Live Study,Technology,Odyssey,Cycle IV,Standard,,Combat,Production Facility,FALSE,,,,,Midashoard,"GearIcon1=Wingblade|GearIcon2=Alchemic Lance|GearIcon3=Midagun|ingredients1=21x Imperial Scroll,17x Cursed Derelict|ingredients2=13x Babylonian Contraption,14x Mutable Ambrosia,6x Living Gold|ingredients3=9x Babylonian Contraption,10x Living Gold,1x Golden Bough|ingredients4=24x Cursed Derelict,8x Cursed Bloatsack,6x Living Gold,1x Midascore Core,1x [[Bihorn Lance]]|GearIcon4=Trihorn Lance",,
DA2178,Demidjinn Sighting,Technology,Odyssey,Cycle IV,Standard,,Combat,Production Facility,FALSE,,,,,Wish Desalination Plant,"GearIcon1=Lampward|GearIcon2=Wish Dampener|GearIcon3=Curse Mediator|ingredients1=6x Imperial Scroll,4x Wish Embryo|ingredients2=8x Imperial Scroll,3x Old Irem Fragment|ingredients3=6x Babylonian Contraption,4x Wish Embryo",,
DA2179,Demidjinn Autopsy,Technology,Odyssey,Cycle IV,Standard,,Combat,Production Facility,FALSE,,,,,Tornado Centrifuge,"GearIcon1=Wishender|GearIcon2=Antiwish Armor|GearIcon3=Tornado Cape|ingredients1=1x Dreamwalker Titan,1x Demidjinn Core|ingredients2=15x Cursed Derelict,6x Old Irem Fragment|ingredients3=13x Imperial Scroll,8x Wish Embryo|ingredients4=15x Cursed Derelict,3x Wish Embryo,4x Old Irem Fragment,1x Demidjinn Core,1x [[Djinn Cloak]]|GearIcon4=Djinn Exoskeleton",,
DA2180,Demidjinn Live Study,Technology,Odyssey,Cycle IV,Standard,,Combat,Production Facility,FALSE,,,,,Wish Loop Generator,"GearIcon1=Everchanging Whip|GearIcon2=Wondertide Gauntlets|GearIcon3=Neverending Spear|ingredients1=19x Imperial Scroll,15x Wish Embryo,1x Golden Bough|ingredients2=14x Babylonian Contraption,16x Wish Embryo|ingredients3=23x Imperial Scroll,14x Old Irem Fragment,1x Golden Bough|ingredients4=26x Cursed Derelict,8x Old Irem Fragment,1x Demidjinn Core,1x [[Wishblade]],1x [[Curse Affliction]]|GearIcon4=Curseblade",,
DA2181,Babelian Lunacy Sighting,Technology,Odyssey,Cycle IV,Standard,,Combat,Production Facility,FALSE,,,,,Disillusionment Tank,"GearIcon1=Lunarlander{{!}}Prototype Lunarlander|GearIcon2=Willblade|GearIcon3=Cursebreaker|ingredients1=1x Dreamwalker Titan,6x Black-tainted Stepfinger|ingredients2=18x Imperial Scroll,7x Living Gold,6x Wish Embryo,12x Black-tainted Stepfinger,1x Midascore Core,1x Demidjinn Core,1x [[Curseblade]],1x [[Curse Affliction]]|ingredients3=30x Cursed Derelict,14x Cursed Bloatsack,4x Old Irem Fragment,6x Promised Future's Carcass,1x Midascore Core,1x Demidjinn Core,1x [[Curseblade]],1x [[Curse Affliction]]",,
DA2182,Grassroot Projects,Technology,Odyssey,Cycle IV,Standard,,Combat,Production Facility,FALSE,,,,,Pandoran Support,"GearIcon1=Garden Activator|GearIcon2=Hermes GearIcon Mk. II|GearIcon3=Seeds of Tomorrow|ingredients1=16x Imperial Scroll,24x Mutable Ambrosia|ingredients2=11x Babylonian Contraption,15x Mutable Ambrosia,5x Cursed Bloatsack|ingredients3=25x Cursed Derelict,30x Mutable Ambrosia|ingredients4=11x Babylonian Contraption,7x Mutable Ambrosia,9x Living Gold,5x Black-tainted Stepfinger|GearIcon4=Pandoran Cryptex",,
DA2183,Insolvency Bulwark,Technology,Odyssey,Cycle IV,Standard,,Combat,Production Facility,FALSE,,,,,Pandoran Armor,"GearIcon1=Jarmor|GearIcon2=Anticurse Armor|ingredients1=5x Cursed Derelict,5x Babylonian Contraption,19x Mutable Ambrosia|ingredients2=10x Imperial Scroll,17x Mutable Ambrosia",,
DA2184,Highrise Projects,Technology,Odyssey,Cycle IV,Standard,,Combat,Production Facility,FALSE,,,,,Pandoran Weapons,"GearIcon1=Basilisk Belcher|GearIcon2=Bahamut Blade|GearIcon3=Sarcophagus Greatrod|ingredients1=11x Babylonian Contraption,24x Mutable Ambrosia|ingredients2=19x Cursed Derelict,14x Wish Embryo,1x [[Curse Affliction]]|ingredients3=9x Cursed Derelict,10x Imperial Scroll,12x Old Irem Fragment",,
DA2185,Dahaka Sighting,Technology,Odyssey,Cycle IV,Standard,,Combat,Production Facility,FALSE,,,,,Smokestack Forge,"GearIcon1=Shadowdancer|GearIcon2=Phantom Spear|GearIcon3=Igniter Sling|ingredients1=1x Dreamwalker Titan,1x Dahaka Core, -OR- 1x Midascore Core,1x Demidjinn Core|ingredients2=12x Cursed Derelict,7x Wish Embryo,5x Onyx Dust,5x Ire Essence|ingredients3=4x Imperial Scroll,2x Babylonian Contraption,3x Old Irem Fragment,5x Ire Essence|GearIcon4=Stillsuit|GearIcon5=Solidifier|ingredients5=5x Babylonian Contraption,11x Mutable Ambrosia,2x Onyx Dust,2x Ire Essence|ingredients4=8x Imperial Scroll,12x Mutable Ambrosia,5x Onyx Dust",,
DA2186,Dahaka Autopsy,Technology,Odyssey,Cycle IV,Standard,,Combat,Production Facility,FALSE,,,,,Saltmine,"GearIcon1=Dahakandys|GearIcon2=Immortal Armor|GearIcon3=Immortal Cestus|ingredients1=12x Babylonian Contraption,14x Mutable Ambrosia,6x Cursed Bloatsack,7x Onyx Dust,4x Ire Essence|ingredients2=11x Cursed Derelict,6x Babylonian Contraption,14x Cursed Bloatsack,10x Onyx Dust|ingredients3=21x Imperial Scroll,9x Wish Embryo,6x Old Irem Fragment,7x Ire Essence,1x Dahaka Core|GearIcon7=Doomsday Clock|ingredients7=21x Imperial Scroll,9x Wish Embryo,6x Old Irem Fragment,7x Ire Essence,1x Dahaka Core|GearIcon4=Dahaka Predestinator|GearIcon5=Immortal Truthbearer|ingredients4=11x Babylonian Contraption,25x Mutable Ambrosia,5x Onyx Dust,5x Ire Essence|ingredients5=1x [[Truthbearer]],1x Dahaka Core|GearIcon6=A Head of Time|ingredients6=11x Cursed Derelict,6x Babylonian Contraption,14x Cursed Bloatsack,10x Onyx Dust",,
EA2724,Babelian Armor,Technology,Odyssey,Cycle V,Standard,,Combat,Production Facility,FALSE,,,,,Root Masons,"GearIcon1=Blackburned|GearIcon2=Lunaticape|GearIcon3=Spire Panoply|ingredients1=1x Black-tainted Stepfinger,1x Promised-Future's Carcass,1x Oxidized Ambrosia|ingredients2=3x Liquid Aether,4x Oxidized Ambrosia|ingredients3=4x Orichalcum Chunk,2x Hydradynamic Scales|GearIcon4=Panoptic Buckler|ingredients4=6x Orichalcum Chunk,1x Amygdalan Extract",,
EA2725,Babelian Weapons,Technology,Odyssey,Cycle V,Standard,,Combat,Production Facility,FALSE,,,,,Tunnelforge,"GearIcon1=Ambrosia Sword|GearIcon2=Towerclub|GearIcon3=Ambrosia Whip|ingredients1=4x Promise-Future's Carcass,5x Oxidized Ambrosia|ingredients2=4x Orichalcum Chunk,1x Microwave Cell|ingredients3=5x Promise-Future's Carcass,5x Oxidized Ambrosia|GearIcon4=Lunarblade|GearIcon5=Slabspear|ingredients5=4x Orichalcum Chunk,2x Photophobic Flesh|ingredients4=2x Promise-Future's Carcass,2x Orichalcum Chunk,4x Oxidized Ambrosia",,
EA2726,Babelian Ranged Weapons,Technology,Odyssey,Cycle V,Standard,,Combat,Production Facility,FALSE,,,,,Steeplejack Crown,"GearIcon1=Liquid Box|GearIcon2=Congealed Harpoon|GearIcon3=Splinterdarts|ingredients1=2x Black-tainted Stepfinger,4x Oxidized Ambrosia|ingredients2=4x Black-tainted Stepfinger,1x Amygdalan Extract|ingredients3=6x Orichalcum Chunk,2x Hydradynamic Scales",,
EA2727,Babelian Support,Technology,Odyssey,Cycle V,Standard,,Combat,Production Facility,FALSE,,,,,Lampwright,"GearIcon1=Trapped Moonlight|ingredients1=4x Black-tainted Stepfinger,2x Oxidized Ambrosia,1x Photophobic Flesh|GearIcon2=Moonflame|ingredients2=5x Promise-Future's Carcass,1x Microwave Cell|GearIcon3=Restart Module|ingredients3=4x Promise-Future's Carcass,1x Microwave Cell|GearIcon4=Bloatank|ingredients4=3x Black-tainted Stepfinger,4x Oxidized Ambrosia",,
EA2728,Abyss Armor,Technology,Odyssey,Cycle V,Standard,,Combat,Production Facility,FALSE,,,,,Umbilical Workshop,"GearIcon1=Abyss Wetsuit|ingredients1=3x Liquid Aether,5x Oxidized Ambrosia|GearIcon2=Babel Hardsuit|GearIcon3=Turtle Pavise|ingredients2=3x Black-Tainted Stepfinger,1x Liquid Aether,1x Microwave Cell|ingredients3=5x Orichalcum Chunk,1x Amygdalan Extract",,
EA2729,Abyss Weapons,Technology,Odyssey,Cycle V,Standard,,Combat,Production Facility,FALSE,,,,,Trench Works,"GearIcon1=Abyssaxe|ingredients1=4x Promised-Future's Carcass,2x Oxidized Ambrosia,1x Photophobic Flesh|GearIcon2=Gutting Skewer|GearIcon3=Shard Harpoon|ingredients2=3x Promised-Future's Carcass,2x Atlantean Tekne,1x Microwave Cell,1x Undead Silver|ingredients3=4x Black-tainted Stepfinger,2x Hydradynamic Scales",,
EA2730,Abyss Support,Technology,Odyssey,Cycle V,Standard,,Combat,Production Facility,FALSE,,,,,Bathysphere Research Station,"GearIcon1=Iapetus Warning System|ingredients1=3x Liquid Aether,1x Amygdalan Extract|GearIcon2=Water-Resisteant Beacon|GearIcon3=Argotorch|ingredients2=2x Liquid Aether,2x Photophobic Flesh|ingredients3=3x Liquid Aether,1x Amygdalan Extract",,
EA2731,Vanguard GearIcon,Technology,Odyssey,Cycle V,Standard,,Combat,Production Facility,,,,,,The Vanguard Reliquary,"GearIcon1=Faith Kopis|GearIcon2=Cowl of Shame|GearIcon3=Consecrated Lance|ingredients1=11x Orichalcum Chunk,19x Oxidized Ambrosia,1x Fading Light Construct,1x Undead Silver|ingredients2=14x Atlantean Tekne,18x Oxidized Ambrosia,1x Fading Light Construct|ingredients3=9x Atlantean Tekne,5x Amygdalan Extract",,
EA2732,Cycladean Protectorate,Technology,Odyssey,Cycle V,Standard,,Combat,Production Facility,,,,,,Protectorate Heritage Vault,"GearIcon1=Illuminating Blinder|ingredients1=15x Atlantean Tekne,6x Microwave Cells,2x Black Wool Strand|GearIcon2=Veristus|GearIcon3=Olympian Harpoon|ingredients2=8x Liquid Aether,18x Oxidized Ambrosia|ingredients3=7x Liquid Aether,5x Hydradynamic Scales,5x Photophobic Flesh,1x Fading Light Construct,1x Undead Silver|GearIcon4=Nemesis Harpoon|ingredients4=7x Liquid Aether,5x Hydradynamic Scales,5x Photophobic Flesh,1x Fading Light Construct,1x Undead Silver",,
EA2733,Followers of Areté GearIcon,Technology,Odyssey,Cycle V,Standard,,Combat,Production Facility,,,,,,Hoard of Arete,"GearIcon1=Chain Kusarigama|GearIcon2=Transcendance Wreath|GearIcon3=Penitent Whip|ingredients1=7x Liquid Aether,3x Oxidized Ambrosia,4x Microwave Cell|ingredients2=11x Atlantean Tekne,3x Hydrdynamic Scales,3x Amygdalan Extract|ingredients3=6x Liquid Aether,16x Oxidized Ambrosia",,
EA2734,Atlantean Armor,Technology,Odyssey,Cycle V,Standard,,Combat,Production Facility,,,,,,Reclaimer Operations,"GearIcon1=Phos-Conductive Depthsuit|ingredients1=9x Atlantean Tekne,9x Oxidized Ambrosia|GearIcon2=Heavy Reclaimed Depthsuit|GearIcon3=Refractor Shield|ingredients2=4x Black-tainted Stepfinger,4x Orichalcum Chunk,10x Oxidized Ambrosia|ingredients3=9x Atlantean Tekne,4x Hydradynamic Scales",,
EA2735,Atlantean Weapons,Technology,Odyssey,Cycle V,Standard,,Combat,Production Facility,,,,,,Atlantean Retrofitters,"GearIcon1=Atlantean Spada|GearIcon2=Oscillating Spear|GearIcon3=Lightwall Shield|ingredients1=4x Atlantean Tekne,4x Liquid Aether,6x Oxidized Ambrosia,2x Microwave Cell|ingredients2=4x Black-tainted Stepfinger,4x Orichalcum Chunk,4x Hydradynamic Scales|ingredients3=6x Orichalcum Chunk,6x Oxidized Ambrosia,1x Amygdalan Extract|GearIcon4=Subreme Harpoon|ingredients4=6x Atlantean Tekne,5x Orichalcum Chunk,4x Oxidized Ambrosia,2x Microwave Cell",,
EA2736,Atlantean Support,Technology,Odyssey,Cycle V,Standard,,Combat,Production Facility,,,,,,Reverse-Engineering Atelier,"GearIcon1=Atlantean Rebreather|GearIcon2=Portable Hardlight Generator|GearIcon3=Phos Helm|ingredients1=6x Liquid Aether,15x Oxidized Ambrosia|ingredients2=9x Orichalcum Chunk,6x Photophobic Flesh|ingredients3=12x Atlantean Tekne,7x Oxidized Ambrosia,2x Amygdalan Extract|GearIcon4=Darklight Wiring|ingredients4=9x Orichalcum Chunk,6x Hydradynamic Scales",,
EA2737,Dragon of Phobos Sighting,Technology,Odyssey,Cycle V,Standard,,Combat,Production Facility,,,,,,Phobosian Starcharters,"GearIcon1=Wrist Harpoon Chaser|GearIcon2=Eyes of the Argo|GearIcon3=Anxiety Regulator|ingredients1=2x Atlantean Tekne,3x Liquid Aether,4x Hydradynamic Scales|ingredients2=4x Black-tainted Stepfinger,3x Orichalcum Chunk,3x Amygdalan Extract|ingredients3=5x Liquid Aether,3x Amygdalan Extract|GearIcon4=Magnesium Flashbang|ingredients4=2x Liquid Aether,3x Orichalcum Chunk,1x Hydradynamic Scales,2x Amygdalan Extract",,
EA2738,Dragon of Phobos Autopsy,Technology,Odyssey,Cycle V,Standard,,Combat,Production Facility,,,,,,Orrery of Fear,"GearIcon1=Feareater|GearIcon2=Skylight Breastplate|GearIcon3=Black Vent Camouflage|ingredients1=1x Dreamwalker Titan,1x Dragon of Phobos Core|ingredients2=9x Orichalcum Chunk,7x Hydradynamic Scales|ingredients3=7x Liquid Aether,8x Oxidized Ambrosia,3x Amygdalan Extract|GearIcon4=Coral Armor|GearIcon5=Anxiety Ventilator|ingredients4=11x Orichalcum Chunk,3x Hydradynamic Scales,4x Amygdalan Extract|ingredients5=5x Liquid Aether,4x Atlantean Tekne,6x Oxidized Ambrosia,2x Hydradynamic Scales,2x Amygdalan Extract",,
EA2739,Dragon of Phobos Live Study,Technology,Odyssey,Cycle V,Standard,,Combat,Production Facility,,,,,,Tranquility Tank,"GearIcon1=Trench Khopesh|GearIcon2=Trench Kusarigama|GearIcon3=Clawhorn Harpoon|ingredients1=14x Atlantean Tekne,7x Amygdalan Extract|ingredients2=11x Atlantean Tekne,7x Orichalcum Chunk,6x Hydradynamic Scales,5x Amygdalan Extract|ingredients3=15x Atlantean Tekne,11x Hydradynamic Scales|GearIcon4=Phobos Urumi|ingredients4=16x Orichalcum Chunk,7x Hydradynamic Scales,4x Amygdalan Extract,1x Dragon of Phobos Core,1x [[Phobos Whip]]|GearIcon5=Harpoon Ballista Gun|ingredients5=15x Atlantean Tekne,11x Hydradynamic Scales,1x  Undead Silver",,
EA2740,Meduketos Sighting,Technology,Odyssey,Cycle V,Standard,,Combat,Production Facility,,,,,,Blacksound Stage,"GearIcon1=Nereidan Sonar|GearIcon2=Aether Extinguisher|GearIcon3=Ambrosia Filter|ingredients1=4x Black-tained Stepfinger,5x Atlantean Tekne,2x Photophobic Flesh,2x Microwave Cell|ingredients2=4x Liquid Aether,4x Photophobic Flesh|ingredients3=4x Liquid Aether,3x Photophobic Flesh|GearIcon4=Eggtank|ingredients4=3x Black-tained Stepfinger,4x Orichalcum Chunk,3x Microwave Cell",,
EA2741,Meduketos Autopsy,Technology,Odyssey,Cycle V,Standard,,Combat,Production Facility,,,,,,Hyperbaric Oven,"GearIcon1=Helldiver|GearIcon2=Fire-Resistant Suit|GearIcon3=Protomachus Diving Amphora|ingredients1=1x Dreamwalker Titan,1x Meduketos Core|ingredients2=9x Orichalcum Chunk,5x Photophobic Flesh,2x Microwave Cell|ingredients3=7x Atlantean Tekne,4x Orichalcum Chunk,6x Microwave Cell|GearIcon4=Infrared Module|GearIcon5=Eys-Omnes|ingredients4=15x Atlantean Tekne,8x Photophobic Flesh|ingredients5=7x Orichalcum Chunk,5x Atlantean Tekne,5x Oxidized Ambrosia,2x Photophobic Flesh,2x Microwave Cell",,
EA2742,Meduketos Live Study,Technology,Odyssey,Cycle V,Standard,,Combat,Production Facility,,,,,,Microwave Solutions,"GearIcon1=Medusian Wavegun|GearIcon2=Heatsword|GearIcon3=Fireraiser Shield|ingredients1=8x Atlantean Tekne,4x Liquid Aether,8x Microwave Cell|ingredients2=9x Liquid Aether,6x Photophobic Flesh,5x Microwave Cell|ingredients3=4x Orichalcum Chunk,7x Liquid Aether,12x Photophobic Flesh|GearIcon4=Oculus Lance|GearIcon5=Infrared Signaler|ingredients4=14x Orichalcum Chunk,8x Photophobic Flesh,3x Microwave Cell,1x Meduketos Core,1x [[Oculus Headlamp]]|ingredients5=2x Orichalcum Chunk,11x Atlantean Tekne,10x Oxidized Ambrosia,4x Photophobic Flesh,3x Microwave Cell",,
EA2743,Silvered Weapons,Technology,Odyssey,Cycle V,Standard,,Combat,Production Facility,,,,,,Silverstring Chorus,"GearIcon1=Pearlstalk Mace|GearIcon2=Quicksilver Bow|GearIcon3=Squirming Knives|ingredients1=15x Orichalcum Chunk,34x Oxidized Ambrosia|ingredients2=5x Orichalcum Chunk,6x Liquid Aether,13x Oxidized Ambrosia,5x Microwave Cell|ingredients3=9x Liquid Aether,19x Oxidized Ambrosia,5x Hydradynamic Scales,1x Undead Silver",,
EA2744,Silvered Armor,Technology,Odyssey,Cycle V,Standard,,Combat,Production Facility,,,,,,Non-Euclidean Vault,"GearIcon1=Mercurial Cryptex|GearIcon2=Future Spirathorax|GearIcon3=Silverskin|ingredients1=16x Atlantean Tekne,4x Oxidized Ambrosia,9x Photophobic Flesh|ingredients2=15x Atlantean Tekne,4x Orichalcum Chunk,22x Oxidized Ambrosia,3x Microwave Cell|ingredients3=16x Orichalcum Chunk,11x Microwave Cell|GearIcon4=Dark Exemplar|GearIcon5=Moonlung|ingredients4=13x Orichalcum Chunk,6x Hydradynamic Scales,4x Amygdalan Extract,1x Dragon of Phobos Core,1x [[Grinmask]]|ingredients5=5x Liquid Aether,8x Orichalcum Chunk,11x Oxidized Ambrosia,4x Hydradynamic Scales,3x Amygdalan Extract",,
EA2745,Silvered Support,Technology,Odyssey,Cycle V,Standard,,Combat,Production Facility,,,,,,Silvered Organ,"GearIcon1=Spiral Visor|GearIcon2=Silver Rebreather|GearIcon3=Ephemeral Pearl|ingredients1=9x Liquid Aether,10x Oxidized Ambrosia,1x Undead Silver|ingredients2=6x Orichalcum Chunk,4x Liquid Aether,8x Amygdalan Extract|ingredients3=13x Orichalcum Chunkr,27x Oxidized Ambrosia|GearIcon4=Silverlight Amulet|ingredients4=15x Atlantean Tekne,16x Oxidized Ambrosia,4x Hydradynamic Scales",,
EA2746,Ur-Fleece Sighting,Technology,Odyssey,Cycle V,Standard,,Combat,Production Facility,,,,,,Mortal Gatehouse,"GearIcon1=Trespasser|GearIcon2=Argocryptex Delta|GearIcon3=Crown of the Trench|ingredients1=1x Dreamwalker Titan,6x Fading Light Construct|ingredients2=19x Atlantean Tekne,31x Oxidized Ambrosia,4x Black Wool Strand,2x Fading Light Construct|ingredients3=15x Orichalcum Chunk,34x Oxidized Ambrosia,7x Black Wool Strand,4x Fading Light Construct,1x [[Headdress of the Deep]]|GearIcon4=Oculus Lighthouse|ingredients4=22x Atlantean Tekne,14x Photophobic Flesh,4x Black Wool Strand,6x Fading Light Construct,2x Meduketos Core,1x [[Oculus Lance]]|GearIcon5=Deadalive Spear|ingredients5=13x Orichalcum Chunk,30x Oxidized Ambrosia,5x Black Wool Strand,4x Fading Light Construct,1x [[Crown of the Trench]]",,
EA2747,Titan X Sighting,Technology,Odyssey,Cycle V,Standard,,Combat,Production Facility,,,,,,Crisis War Room,"GearIcon1=Executioner|GearIcon2=X-iphos|GearIcon3=Needleknives|ingredients1=1x Dreamwalker Titan,6x Orichalcum Alloy,1x Titan X Core -OR- 1x Meduketos Core,1x Dragon of Phobos Core|ingredients2=6x Orichalcum Chunk,9x Oxidized Ambrosia,3x Orichalcum Alloy|ingredients3=5x Liquid Aether,10x Oxidized Ambrosia,2x Orichalcum Alloy,2x Slave Metal|GearIcon4=Bladedance Armor|ingredients4=8x Orichalcum Chunk,6x Oxidized Ambrosia,1x Amygdalan Extract,1x Microwave Cell,4x Orichalcum Alloy,1x Slave Metal|GearIcon5=Pain Fuse|ingredients5=3x Atlantean Tekne,5x Liquid Aether,3x Photophobic Flesh,3x Slave Metal",,
EA2748,Titan X Investigation,Technology,Odyssey,Cycle V,Standard,,Combat,Production Facility,,,,,,The Lookout,"GearIcon1=Hermes Highway|GearIcon2=Executioner Armor|GearIcon3=Executioner Shortswords|ingredients1=14x Atlantean Tekne,10x Photophobic Flesh,6x Orichalcum Chunk|ingredients2=12x Liquid Aether,10x Amygdalan Extract,2x Orichalcum Alloy,8x Slave Metal|ingredients3=9x Liquid Aether,30x Oxidized Ambrosia,9x Orichalcum Alloy,4x Slave Metal|GearIcon4=Executioner Helm|ingredients4=14x Atlantean Tekne,11x Hydradynamic Scales,3x Orichalcum Alloy,3x Slave Metal|GearIcon5=Executioner|ingredients5=1x Dreamwalker Titan,1x Titan X Core",,
